{"K": [[2785.3476434911563, 0.0, 2147.3231613636017], [0.0, 2785.3476434911563, 1512.804108671844], [0.0, 0.0, 1.0]], "c2w": [[1.0, 0.0, 0.0, 0.0], [0.0, 1.0, 0.0, 0.0], [0.0, 0.0, 1.0, 0.0], [0.0, 0.0, 0.0, 1.0]], "W": 4000, "H": 3000}