{"K": [[2785.3476434911563, 0.0, 2147.3231613636017], [0.0, 2785.3476434911563, 1512.804108671844], [0.0, 0.0, 1.0]], "c2w": [[1.0, 0.0, 0.0, 0.0], [0.0, 1.0, 0.0, 0.0], [0.0, 0.0, 1.0, 0.0], [0.0, 0.0, 0.0, 1.0]], "W": 4000, "H": 3000, "objects": ["8_fire_extinguisher.glb", "9_armchair.glb", "3_lamp.glb", "5_mug.glb", "1_toy.glb", "10_armchair.glb", "4_pot.glb", "2_toy.glb", "11_armchair.glb", "0_flowerpot.glb", "6_poster.glb", "7_box.glb"], "translation": [0.1211327314376831, 0.1502510905265808, -2.673901617527008], "scale": 0.42982954558555597}