{"K": [[2403.2595441510343, 0.0, 2610.540509223938], [0.0, 2403.2595441510343, 1527.9432339593768], [0.0, 0.0, 1.0]], "c2w": [[1.0, 0.0, 0.0, 0.0], [0.0, 1.0, 0.0, 0.0], [0.0, 0.0, 1.0, 0.0], [0.0, 0.0, 0.0, 1.0]], "W": 4000, "H": 3000}