{"K": [[3120.1736988428893, 0.0, 2124.9582692980766], [0.0, 3120.1736988428893, 1576.9863165915012], [0.0, 0.0, 1.0]], "c2w": [[1.0, 0.0, 0.0, 0.0], [0.0, 1.0, 0.0, 0.0], [0.0, 0.0, 1.0, 0.0], [0.0, 0.0, 0.0, 1.0]], "W": 4000, "H": 3000}