{"K": [[2470.724095402646, 0.0, 2382.998436689377], [0.0, 2470.724095402646, 1195.389211177826], [0.0, 0.0, 1.0]], "c2w": [[1.0, 0.0, 0.0, 0.0], [0.0, 1.0, 0.0, 0.0], [0.0, 0.0, 1.0, 0.0], [0.0, 0.0, 0.0, 1.0]], "W": 4000, "H": 3000}