{"K": [[2470.724095402646, 0.0, 2382.998436689377], [0.0, 2470.724095402646, 1195.389211177826], [0.0, 0.0, 1.0]], "c2w": [[1.0, 0.0, 0.0, 0.0], [0.0, 1.0, 0.0, 0.0], [0.0, 0.0, 1.0, 0.0], [0.0, 0.0, 0.0, 1.0]], "W": 4000, "H": 3000, "objects": ["5_sofa.glb", "3_radiator.glb", "0_lightbulb.glb", "7_television_set.glb", "4_sofa.glb", "6_armchair.glb", "8_sofa.glb", "2_lamp.glb", "1_laptop_computer.glb"], "translation": [0.7467126846313477, -0.006314694881439209, -4.104604482650757], "scale": 0.2765487320823388}