{"K": [[2403.2595441510343, 0.0, 2610.540509223938], [0.0, 2403.2595441510343, 1527.9432339593768], [0.0, 0.0, 1.0]], "c2w": [[1.0, 0.0, 0.0, 0.0], [0.0, 1.0, 0.0, 0.0], [0.0, 0.0, 1.0, 0.0], [0.0, 0.0, 0.0, 1.0]], "W": 4000, "H": 3000, "objects": ["13_box.glb", "9_handle.glb", "8_toy.glb", "3_barrel.glb", "16_chair.glb", "7_toy.glb", "5_pot.glb", "0_box.glb", "6_toy.glb", "14_desk.glb", "4_barrel.glb", "11_dollhouse.glb", "10_toy.glb", "2_toy.glb", "12_box.glb", "15_teddy_bear.glb", "1_barrel.glb"], "translation": [0.6117706894874573, 0.07730203866958618, -2.287423610687256], "scale": 0.5086049286175185}