{"K": [[3120.1736988428893, 0.0, 2124.9582692980766], [0.0, 3120.1736988428893, 1576.9863165915012], [0.0, 0.0, 1.0]], "c2w": [[1.0, 0.0, 0.0, 0.0], [0.0, 1.0, 0.0, 0.0], [0.0, 0.0, 1.0, 0.0], [0.0, 0.0, 0.0, 1.0]], "W": 4000, "H": 3000, "objects": ["5_toy.glb", "6_chair.glb", "0_chair.glb", "2_teddy_bear.glb", "1_teddy_bear.glb", "3_chair.glb", "4_chair.glb"], "translation": [-0.012480378150939941, 0.24581333994865417, -2.1692910194396973], "scale": 0.6397485363419164}