{"K": [[3082.6739517208216, 0.0, 2006.062388420105], [0.0, 3082.6739517208216, 2036.336001008749], [0.0, 0.0, 1.0]], "c2w": [[1.0, 0.0, 0.0, 0.0], [0.0, 1.0, 0.0, 0.0], [0.0, 0.0, 1.0, 0.0], [0.0, 0.0, 0.0, 1.0]], "W": 3000, "H": 4000, "objects": ["6_chair.glb", "0_chair.glb", "7_desk.glb", "5_plastic_bag.glb", "8_cabinet.glb", "3_bottle.glb", "1_towel_rack.glb", "2_bottle.glb", "4_flower_arrangement.glb"], "translation": [0.3486250042915344, 0.8710471987724304, -3.4150970578193665], "scale": 0.47863472777896915}