{"K": [[2982.8235134354454, 0.0, 1759.3649178743362], [0.0, 2982.8235134354454, 1378.645408898592], [0.0, 0.0, 1.0]], "c2w": [[1.0, 0.0, 0.0, 0.0], [0.0, 1.0, 0.0, 0.0], [0.0, 0.0, 1.0, 0.0], [0.0, 0.0, 0.0, 1.0]], "W": 4000, "H": 3000}