{"K": [[2982.8235134354454, 0.0, 1759.3649178743362], [0.0, 2982.8235134354454, 1378.645408898592], [0.0, 0.0, 1.0]], "c2w": [[1.0, 0.0, 0.0, 0.0], [0.0, 1.0, 0.0, 0.0], [0.0, 0.0, 1.0, 0.0], [0.0, 0.0, 0.0, 1.0]], "W": 4000, "H": 3000, "objects": ["0_chair.glb", "2_chair.glb", "1_chair.glb", "3_chair.glb", "4_chair.glb"], "translation": [-0.05492430925369263, 0.42875057458877563, -3.171362578868866], "scale": 0.5398335704587001}